{
    "rmse": 0.8016698548243042,
    "mae": 0.6426745561340209,
    "r2": 0.0475913232866475
}