{
    "rmse": 0.7607496985913081,
    "mae": 0.5787401039067661,
    "r2": 0.18343176708862385
}